	 Score 	 miRNAs 	 DEmiRNAPercentage 	 Total_miRNAs 	 TS_Genes 	 TSgenesPercentage 	 Module
Only in Control:  	 3.658 	 hsa-miR-15b-5p is not DE, hsa-miR-16-5p is not DE, hsa-miR-17-5p is not DE, hsa-miR-195-5p is DOWN, hsa-miR-20a-5p is not DE, hsa-miR-20b-5p is not DE, hsa-miR-424-5p is not DE, hsa-miR-503-5p is not DE, hsa-miR-519d-3p is DOWN, hsa-miR-93-5p is not DE 	 20.00 	 10 	 CCND1 	 0 	 ['4', 'hsa-miR-20a-5p', 'hsa-miR-93-5p', 'hsa-miR-195-5p', 'hsa-miR-17-5p', 'hsa-miR-16-5p', 'hsa-miR-15b-5p', 'hsa-miR-20b-5p', 'hsa-miR-519d-3p', 'hsa-miR-503-5p', 'hsa-miR-424-5p', 'NUFIP2', 'KIF23', 'WEE1', 'CCND1']
Only in Control:  	 3.519 	 hsa-miR-15b-5p is not DE, hsa-miR-16-5p is not DE, hsa-miR-17-5p is not DE, hsa-miR-195-5p is DOWN, hsa-miR-20a-5p is not DE, hsa-miR-20b-5p is not DE, hsa-miR-424-5p is not DE, hsa-miR-497-5p is not DE, hsa-miR-519d-3p is DOWN, hsa-miR-93-5p is not DE 	 20.00 	 10 	 ARHGAP12 	 0 	 ['6', 'hsa-miR-20a-5p', 'hsa-miR-93-5p', 'hsa-miR-195-5p', 'hsa-miR-17-5p', 'hsa-miR-16-5p', 'hsa-miR-15b-5p', 'hsa-miR-20b-5p', 'hsa-miR-519d-3p', 'hsa-miR-424-5p', 'hsa-miR-497-5p', 'ELK4', 'NUFIP2', 'ARHGAP12', 'SHOC2', 'KIF23', 'WEE1']
Only in Control:  	 4.381 	 hsa-miR-15b-5p is not DE, hsa-miR-16-5p is not DE, hsa-miR-17-5p is not DE, hsa-miR-195-5p is DOWN, hsa-miR-20a-5p is not DE, hsa-miR-20b-5p is not DE, hsa-miR-424-5p is not DE, hsa-miR-519d-3p is DOWN, hsa-miR-526b-3p is not DE, hsa-miR-93-5p is not DE 	 20.00 	 10 	 ARHGAP12,CCND1 	 33.33 	 ['6', 'hsa-miR-20a-5p', 'hsa-miR-93-5p', 'hsa-miR-195-5p', 'hsa-miR-17-5p', 'hsa-miR-16-5p', 'hsa-miR-15b-5p', 'hsa-miR-20b-5p', 'hsa-miR-519d-3p', 'hsa-miR-424-5p', 'hsa-miR-526b-3p', 'ELK4', 'NUFIP2', 'ARHGAP12', 'SHOC2', 'KIF23', 'CCND1']
Only in Control:  	 3.460 	 hsa-miR-130a-3p is UP, hsa-miR-130b-3p is not DE, hsa-miR-17-5p is not DE, hsa-miR-20a-5p is not DE, hsa-miR-20b-5p is not DE, hsa-miR-372-3p is not DE, hsa-miR-373-3p is not DE, hsa-miR-519d-3p is DOWN, hsa-miR-526b-3p is not DE, hsa-miR-93-5p is not DE 	 20.00 	 10 	 TGFBR2 	 0 	 ['7', 'hsa-miR-20a-5p', 'hsa-miR-93-5p', 'hsa-miR-17-5p', 'hsa-miR-20b-5p', 'hsa-miR-519d-3p', 'hsa-miR-372-3p', 'hsa-miR-130a-3p', 'hsa-miR-373-3p', 'hsa-miR-130b-3p', 'hsa-miR-526b-3p', 'ZNF12', 'ZFYVE26', 'TNFRSF10B', 'CAPRIN2', 'NFIB', 'TXNIP', 'TGFBR2']
Only in Control:  	 5.010 	 hsa-miR-130a-3p is UP, hsa-miR-130b-3p is not DE, hsa-miR-17-5p is not DE, hsa-miR-20a-5p is not DE, hsa-miR-20b-5p is not DE, hsa-miR-519b-3p is not DE, hsa-miR-519c-3p is not DE, hsa-miR-519d-3p is DOWN, hsa-miR-526b-3p is not DE, hsa-miR-93-5p is not DE 	 20.00 	 10 	 ARHGAP12,CNOT4,HSPA8,LDLR,MAVS,QKI,RPS27A,SMAD4,TGFBR2 	 21.95 	 ['41', 'hsa-miR-20a-5p', 'hsa-miR-93-5p', 'hsa-miR-17-5p', 'hsa-miR-20b-5p', 'hsa-miR-519d-3p', 'hsa-miR-130a-3p', 'hsa-miR-519c-3p', 'hsa-miR-130b-3p', 'hsa-miR-526b-3p', 'hsa-miR-519b-3p', 'RPF2', 'RRAGD', 'RBM20', 'KLHL36', 'LZIC', 'FOXQ1', 'PXK', 'NIPA1', 'RAN', 'SALL3', 'MAVS', 'ZFYVE9', 'MAPK1', 'WASL', 'RPS27A', 'HSPA8', 'POLR1B', 'CAPRIN2', 'BTF3L4', 'CLIC4', 'KIAA1191', 'PTPN4', 'ARHGAP1', 'CNOT4', 'ENPP5', 'ZBTB4', 'PPP1R15B', 'MAPRE3', 'PDRG1', 'MAP7', 'ARHGAP12', 'NACC2', 'ZNF417', 'RAB5B', 'LDLR', 'NFIB', 'QKI', 'SMAD4', 'SOX4', 'TGFBR2', 'NABP1']
Only in Control:  	 4.629 	 hsa-miR-130a-3p is UP, hsa-miR-130b-3p is not DE, hsa-miR-17-5p is not DE, hsa-miR-20a-5p is not DE, hsa-miR-20b-5p is not DE, hsa-miR-34b-5p is not DE, hsa-miR-519b-3p is not DE, hsa-miR-519c-3p is not DE, hsa-miR-519d-3p is DOWN, hsa-miR-526b-3p is not DE, hsa-miR-93-5p is not DE 	 18.18 	 11 	 CNOT4,TGFBR2 	 66.67 	 ['3', 'hsa-miR-20a-5p', 'hsa-miR-93-5p', 'hsa-miR-34b-5p', 'hsa-miR-17-5p', 'hsa-miR-20b-5p', 'hsa-miR-519d-3p', 'hsa-miR-130a-3p', 'hsa-miR-519c-3p', 'hsa-miR-130b-3p', 'hsa-miR-526b-3p', 'hsa-miR-519b-3p', 'ARHGAP1', 'CNOT4', 'TGFBR2']
Only in Control:  	 3.516 	 hsa-miR-130a-3p is UP, hsa-miR-130b-3p is not DE, hsa-miR-17-5p is not DE, hsa-miR-20a-5p is not DE, hsa-miR-20b-5p is not DE, hsa-miR-34a-5p is not DE, hsa-miR-34c-5p is not DE, hsa-miR-449a is not DE, hsa-miR-519d-3p is DOWN, hsa-miR-526b-3p is not DE, hsa-miR-93-5p is not DE 	 18.18 	 11 	 CNOT4 	 0 	 ['4', 'hsa-miR-20a-5p', 'hsa-miR-93-5p', 'hsa-miR-34a-5p', 'hsa-miR-17-5p', 'hsa-miR-20b-5p', 'hsa-miR-519d-3p', 'hsa-miR-34c-5p', 'hsa-miR-130a-3p', 'hsa-miR-449a', 'hsa-miR-130b-3p', 'hsa-miR-526b-3p', 'RRAGD', 'ARHGAP1', 'CNOT4', 'TXNIP']
Only in Control:  	 4.516 	 hsa-miR-130a-3p is UP, hsa-miR-130b-3p is not DE, hsa-miR-17-5p is not DE, hsa-miR-20a-5p is not DE, hsa-miR-20b-5p is not DE, hsa-miR-34a-5p is not DE, hsa-miR-519b-3p is not DE, hsa-miR-519c-3p is not DE, hsa-miR-519d-3p is DOWN, hsa-miR-526b-3p is not DE, hsa-miR-93-5p is not DE 	 18.18 	 11 	 CNOT4,SMAD4 	 50.00 	 ['4', 'hsa-miR-20a-5p', 'hsa-miR-93-5p', 'hsa-miR-34a-5p', 'hsa-miR-17-5p', 'hsa-miR-20b-5p', 'hsa-miR-519d-3p', 'hsa-miR-130a-3p', 'hsa-miR-519c-3p', 'hsa-miR-130b-3p', 'hsa-miR-526b-3p', 'hsa-miR-519b-3p', 'RRAGD', 'ARHGAP1', 'CNOT4', 'SMAD4']
Only in Control:  	 4.629 	 hsa-miR-130a-3p is UP, hsa-miR-130b-3p is not DE, hsa-miR-17-5p is not DE, hsa-miR-20a-5p is not DE, hsa-miR-20b-5p is not DE, hsa-miR-26a-5p is not DE, hsa-miR-519b-3p is not DE, hsa-miR-519c-3p is not DE, hsa-miR-519d-3p is DOWN, hsa-miR-526b-3p is not DE, hsa-miR-93-5p is not DE 	 18.18 	 11 	 HSPA8,SMAD4 	 66.67 	 ['3', 'hsa-miR-20a-5p', 'hsa-miR-93-5p', 'hsa-miR-26a-5p', 'hsa-miR-17-5p', 'hsa-miR-20b-5p', 'hsa-miR-519d-3p', 'hsa-miR-130a-3p', 'hsa-miR-519c-3p', 'hsa-miR-130b-3p', 'hsa-miR-526b-3p', 'hsa-miR-519b-3p', 'HSPA8', 'SMAD4', 'NABP1']
Only in Control:  	 3.573 	 hsa-miR-15b-5p is not DE, hsa-miR-16-5p is not DE, hsa-miR-17-5p is not DE, hsa-miR-195-5p is DOWN, hsa-miR-20a-5p is not DE, hsa-miR-20b-5p is not DE, hsa-miR-424-5p is not DE, hsa-miR-503-5p is not DE, hsa-miR-519d-3p is DOWN, hsa-miR-526b-3p is not DE, hsa-miR-93-5p is not DE 	 18.18 	 11 	 CCND1 	 0 	 ['3', 'hsa-miR-20a-5p', 'hsa-miR-93-5p', 'hsa-miR-195-5p', 'hsa-miR-17-5p', 'hsa-miR-16-5p', 'hsa-miR-15b-5p', 'hsa-miR-20b-5p', 'hsa-miR-519d-3p', 'hsa-miR-503-5p', 'hsa-miR-424-5p', 'hsa-miR-526b-3p', 'NUFIP2', 'KIF23', 'CCND1']
Only in Control:  	 3.445 	 hsa-miR-15b-5p is not DE, hsa-miR-16-5p is not DE, hsa-miR-17-5p is not DE, hsa-miR-195-5p is DOWN, hsa-miR-20a-5p is not DE, hsa-miR-20b-5p is not DE, hsa-miR-424-5p is not DE, hsa-miR-497-5p is not DE, hsa-miR-519d-3p is DOWN, hsa-miR-526b-3p is not DE, hsa-miR-93-5p is not DE 	 18.18 	 11 	 ARHGAP12 	 0 	 ['5', 'hsa-miR-20a-5p', 'hsa-miR-93-5p', 'hsa-miR-195-5p', 'hsa-miR-17-5p', 'hsa-miR-16-5p', 'hsa-miR-15b-5p', 'hsa-miR-20b-5p', 'hsa-miR-519d-3p', 'hsa-miR-424-5p', 'hsa-miR-497-5p', 'hsa-miR-526b-3p', 'ELK4', 'NUFIP2', 'ARHGAP12', 'SHOC2', 'KIF23']
Only in Control:  	 4.629 	 hsa-miR-130a-3p is UP, hsa-miR-130b-3p is not DE, hsa-miR-16-5p is not DE, hsa-miR-17-5p is not DE, hsa-miR-20a-5p is not DE, hsa-miR-20b-5p is not DE, hsa-miR-519b-3p is not DE, hsa-miR-519c-3p is not DE, hsa-miR-519d-3p is DOWN, hsa-miR-526b-3p is not DE, hsa-miR-93-5p is not DE 	 18.18 	 11 	 ARHGAP12,HSPA8 	 66.67 	 ['3', 'hsa-miR-20a-5p', 'hsa-miR-93-5p', 'hsa-miR-17-5p', 'hsa-miR-16-5p', 'hsa-miR-20b-5p', 'hsa-miR-519d-3p', 'hsa-miR-130a-3p', 'hsa-miR-519c-3p', 'hsa-miR-130b-3p', 'hsa-miR-526b-3p', 'hsa-miR-519b-3p', 'HSPA8', 'MAP7', 'ARHGAP12']
Only in Control:  	 3.573 	 hsa-miR-101-3p is not DE, hsa-miR-130a-3p is UP, hsa-miR-130b-3p is not DE, hsa-miR-17-5p is not DE, hsa-miR-20a-5p is not DE, hsa-miR-20b-5p is not DE, hsa-miR-519b-3p is not DE, hsa-miR-519c-3p is not DE, hsa-miR-519d-3p is DOWN, hsa-miR-526b-3p is not DE, hsa-miR-93-5p is not DE 	 18.18 	 11 	 TGFBR2 	 0 	 ['3', 'hsa-miR-20a-5p', 'hsa-miR-93-5p', 'hsa-miR-17-5p', 'hsa-miR-101-3p', 'hsa-miR-20b-5p', 'hsa-miR-519d-3p', 'hsa-miR-130a-3p', 'hsa-miR-519c-3p', 'hsa-miR-130b-3p', 'hsa-miR-526b-3p', 'hsa-miR-519b-3p', 'CLIC4', 'PPP1R15B', 'TGFBR2']
Only in Control:  	 3.573 	 hsa-miR-130a-3p is UP, hsa-miR-130b-3p is not DE, hsa-miR-142-5p is not DE, hsa-miR-17-5p is not DE, hsa-miR-20a-5p is not DE, hsa-miR-20b-5p is not DE, hsa-miR-372-3p is not DE, hsa-miR-373-3p is not DE, hsa-miR-519d-3p is DOWN, hsa-miR-526b-3p is not DE, hsa-miR-93-5p is not DE 	 18.18 	 11 	 TGFBR2 	 0 	 ['3', 'hsa-miR-20a-5p', 'hsa-miR-93-5p', 'hsa-miR-17-5p', 'hsa-miR-20b-5p', 'hsa-miR-519d-3p', 'hsa-miR-372-3p', 'hsa-miR-130a-3p', 'hsa-miR-373-3p', 'hsa-miR-130b-3p', 'hsa-miR-142-5p', 'hsa-miR-526b-3p', 'ZFYVE26', 'CAPRIN2', 'TGFBR2']
Only in Control:  	 3.516 	 hsa-miR-130a-3p is UP, hsa-miR-130b-3p is not DE, hsa-miR-17-5p is not DE, hsa-miR-20a-5p is not DE, hsa-miR-20b-5p is not DE, hsa-miR-519b-3p is not DE, hsa-miR-519c-3p is not DE, hsa-miR-519d-3p is DOWN, hsa-miR-520h is not DE, hsa-miR-526b-3p is not DE, hsa-miR-93-5p is not DE 	 18.18 	 11 	 LDLR 	 0 	 ['4', 'hsa-miR-20a-5p', 'hsa-miR-93-5p', 'hsa-miR-17-5p', 'hsa-miR-20b-5p', 'hsa-miR-519d-3p', 'hsa-miR-130a-3p', 'hsa-miR-519c-3p', 'hsa-miR-520h', 'hsa-miR-130b-3p', 'hsa-miR-526b-3p', 'hsa-miR-519b-3p', 'FOXQ1', 'WASL', 'PTPN4', 'LDLR']
Only in Control:  	 4.120 	 hsa-miR-130a-3p is UP, hsa-miR-130b-3p is not DE, hsa-miR-142-5p is not DE, hsa-miR-17-5p is not DE, hsa-miR-20a-5p is not DE, hsa-miR-20b-5p is not DE, hsa-miR-519b-3p is not DE, hsa-miR-519c-3p is not DE, hsa-miR-519d-3p is DOWN, hsa-miR-526b-3p is not DE, hsa-miR-93-5p is not DE 	 18.18 	 11 	 HSPA8,TGFBR2 	 28.57 	 ['7', 'hsa-miR-20a-5p', 'hsa-miR-93-5p', 'hsa-miR-17-5p', 'hsa-miR-20b-5p', 'hsa-miR-519d-3p', 'hsa-miR-130a-3p', 'hsa-miR-519c-3p', 'hsa-miR-130b-3p', 'hsa-miR-142-5p', 'hsa-miR-526b-3p', 'hsa-miR-519b-3p', 'RPF2', 'LZIC', 'MAPK1', 'HSPA8', 'CAPRIN2', 'PTPN4', 'TGFBR2']
Only in Control:  	 3.447 	 hsa-miR-130a-3p is UP, hsa-miR-130b-3p is not DE, hsa-miR-17-5p is not DE, hsa-miR-20a-5p is not DE, hsa-miR-20b-5p is not DE, hsa-miR-372-3p is not DE, hsa-miR-373-3p is not DE, hsa-miR-519b-3p is not DE, hsa-miR-519c-3p is not DE, hsa-miR-519d-3p is DOWN, hsa-miR-526b-3p is not DE, hsa-miR-93-5p is not DE 	 16.67 	 12 	 TGFBR2 	 0 	 ['3', 'hsa-miR-20a-5p', 'hsa-miR-93-5p', 'hsa-miR-17-5p', 'hsa-miR-20b-5p', 'hsa-miR-519d-3p', 'hsa-miR-372-3p', 'hsa-miR-130a-3p', 'hsa-miR-519c-3p', 'hsa-miR-373-3p', 'hsa-miR-130b-3p', 'hsa-miR-526b-3p', 'hsa-miR-519b-3p', 'CAPRIN2', 'NFIB', 'TGFBR2']
Only in Control:  	 4.750 	 hsa-miR-1-3p is UP, hsa-miR-195-5p is DOWN 	 100.00 	 2 	 CCND1 	 0 	 ['8', 'hsa-miR-195-5p', 'hsa-miR-1-3p', 'ZCCHC3', 'NUP50', 'FLOT2', 'VEGFA', 'NOTCH2', 'TPM3', 'CDK4', 'CCND1']
Only in Control:  	 7.986 	 hsa-miR-1-3p is UP, hsa-miR-155-5p is UP 	 100.00 	 2 	 ANXA2,CCND1,LIN7C,MEF2A,PICALM,TWF1 	 60.00 	 ['10', 'hsa-miR-155-5p', 'hsa-miR-1-3p', 'PSIP1', 'TWF1', 'LIN7C', 'RAB5C', 'ANXA2', 'PICALM', 'WDFY1', 'MEF2A', 'KRAS', 'CCND1']
Only in Control:  	 5.500 	 hsa-miR-142-3p is UP, hsa-miR-155-5p is UP 	 100.00 	 2 	 CSRP2,TWF1 	 25.00 	 ['8', 'hsa-miR-155-5p', 'hsa-miR-142-3p', 'CSRP2', 'TNPO1', 'SECISBP2', 'GNAS', 'ARL15', 'TWF1', 'APC', 'TAB2']
Only in Control:  	 6.113 	 hsa-miR-155-5p is UP, hsa-miR-4428 is UP 	 100.00 	 2 	 MECP2,MIDN 	 66.67 	 ['3', 'hsa-miR-155-5p', 'hsa-miR-4428', 'TNPO1', 'MIDN', 'MECP2']
Only in Control:  	 5.057 	 hsa-miR-142-3p is UP, hsa-miR-200b-3p is UP 	 100.00 	 2 	 DNAJB6 	 0 	 ['3', 'hsa-miR-200b-3p', 'hsa-miR-142-3p', 'RTL8C', 'DNAJB6', 'ROCK2']
Only in Case:  	 5.500 	 hsa-miR-130a-3p is UP, hsa-miR-148b-3p is UP 	 100.00 	 2 	 CNOT4,CSF1,EOGT 	 18.75 	 ['16', 'hsa-miR-130a-3p', 'hsa-miR-148b-3p', 'EOGT', 'PPP6R1', 'CCNA2', 'GPRC5A', 'SIK1', 'MLEC', 'ZFYVE26', 'CEP55', 'SLC38A2', 'CNOT4', 'SECISBP2L', 'BTBD3', 'STARD13', 'TXNIP', 'CSF1', 'DICER1']
Only in Case:  	 6.113 	 hsa-miR-4428 is UP, hsa-miR-539-5p is UP 	 100.00 	 2 	 LDLR,TRAM2 	 66.67 	 ['3', 'hsa-miR-539-5p', 'hsa-miR-4428', 'TRAM2', 'MSL1', 'LDLR']
Only in Control:  	 5.283 	 hsa-miR-1-3p is UP, hsa-miR-195-5p is DOWN, hsa-miR-34a-5p is not DE 	 66.67 	 3 	 CCND1 	 0 	 ['3', 'hsa-miR-34a-5p', 'hsa-miR-195-5p', 'hsa-miR-1-3p', 'NOTCH2', 'CDK4', 'CCND1']
Only in Control:  	 5.283 	 hsa-miR-1-3p is UP, hsa-miR-200b-3p is UP, hsa-miR-200c-3p is not DE 	 66.67 	 3 	 FN1 	 0 	 ['3', 'hsa-miR-200c-3p', 'hsa-miR-1-3p', 'hsa-miR-200b-3p', 'FN1', 'KLHL42', 'VEGFA']
Only in Control:  	 6.340 	 hsa-miR-142-3p is UP, hsa-miR-16-5p is not DE, hsa-miR-195-5p is DOWN 	 66.67 	 3 	 HMGA1,KIF5B 	 66.67 	 ['3', 'hsa-miR-195-5p', 'hsa-miR-16-5p', 'hsa-miR-142-3p', 'KIF5B', 'HSPA1B', 'HMGA1']
Only in Control:  	 6.084 	 hsa-miR-16-5p is not DE, hsa-miR-195-5p is DOWN, hsa-miR-6739-5p is UP 	 66.67 	 3 	 CCND1,GRB2 	 40.00 	 ['5', 'hsa-miR-195-5p', 'hsa-miR-16-5p', 'hsa-miR-6739-5p', 'MINK1', 'FURIN', 'GRB2', 'E2F3', 'CCND1']
Only in Control:  	 5.283 	 hsa-miR-1-3p is UP, hsa-miR-155-5p is UP, hsa-miR-193b-3p is not DE 	 66.67 	 3 	 CCND1 	 0 	 ['3', 'hsa-miR-155-5p', 'hsa-miR-1-3p', 'hsa-miR-193b-3p', 'PSIP1', 'KRAS', 'CCND1']
Only in Control:  	 5.727 	 hsa-miR-130a-3p is UP, hsa-miR-130b-3p is not DE, hsa-miR-142-3p is UP 	 66.67 	 3 	 C16orf70,ZNF529 	 25.00 	 ['8', 'hsa-miR-130a-3p', 'hsa-miR-130b-3p', 'hsa-miR-142-3p', 'ZNF529', 'MMGT1', 'CBY1', 'WASL', 'CLIC4', 'KIAA1191', 'C16orf70', 'PPP1R15B']
Only in Case:  	 6.227 	 hsa-miR-130a-3p is UP, hsa-miR-130b-3p is not DE, hsa-miR-539-5p is UP 	 66.67 	 3 	 LDLR,MSANTD4 	 50.00 	 ['4', 'hsa-miR-130a-3p', 'hsa-miR-130b-3p', 'hsa-miR-539-5p', 'MSANTD4', 'ENPP5', 'LDLR', 'CLCN3']
Only in Case:  	 5.042 	 hsa-miR-130a-3p is UP, hsa-miR-130b-3p is not DE, hsa-miR-148a-3p is not DE, hsa-miR-148b-3p is UP 	 50.00 	 4 	 CNOT4,EOGT 	 13.33 	 ['15', 'hsa-miR-148a-3p', 'hsa-miR-130a-3p', 'hsa-miR-130b-3p', 'hsa-miR-148b-3p', 'EOGT', 'PPP6R1', 'CCNA2', 'GPRC5A', 'SIK1', 'MLEC', 'ZFYVE26', 'CEP55', 'SLC38A2', 'CNOT4', 'SECISBP2L', 'BTBD3', 'STARD13', 'TXNIP', 'DICER1']
Only in Control:  	 4.929 	 hsa-miR-155-5p is UP, hsa-miR-15b-5p is not DE, hsa-miR-16-5p is not DE, hsa-miR-195-5p is DOWN 	 50.00 	 4 	 CCND1 	 0 	 ['5', 'hsa-miR-195-5p', 'hsa-miR-16-5p', 'hsa-miR-15b-5p', 'hsa-miR-155-5p', 'CALU', 'SKI', 'JARID2', 'WEE1', 'CCND1']
Only in Control:  	 4.802 	 hsa-miR-1-3p is UP, hsa-miR-15b-5p is not DE, hsa-miR-16-5p is not DE, hsa-miR-195-5p is DOWN 	 50.00 	 4 	 CCND1 	 0 	 ['7', 'hsa-miR-195-5p', 'hsa-miR-16-5p', 'hsa-miR-15b-5p', 'hsa-miR-1-3p', 'ZCCHC3', 'NUP50', 'FLOT2', 'VEGFA', 'NOTCH2', 'TPM3', 'CCND1']
Only in Control:  	 6.000 	 hsa-miR-15b-5p is not DE, hsa-miR-16-5p is not DE, hsa-miR-195-5p is DOWN, hsa-miR-6739-5p is UP 	 50.00 	 4 	 CCND1,GRB2 	 50.00 	 ['4', 'hsa-miR-195-5p', 'hsa-miR-16-5p', 'hsa-miR-15b-5p', 'hsa-miR-6739-5p', 'MINK1', 'FURIN', 'GRB2', 'CCND1']
Only in Control:  	 5.000 	 hsa-miR-15b-5p is not DE, hsa-miR-16-5p is not DE, hsa-miR-195-5p is DOWN, hsa-miR-376a-2-5p is DOWN 	 50.00 	 4 	 EIF1AX 	 0 	 ['4', 'hsa-miR-195-5p', 'hsa-miR-16-5p', 'hsa-miR-15b-5p', 'hsa-miR-376a-2-5p', 'EIF1AX', 'ZCCHC3', 'CREBRF', 'E2F7']
Only in Control:  	 5.887 	 hsa-miR-130a-3p is UP, hsa-miR-130b-3p is not DE, hsa-miR-16-5p is not DE, hsa-miR-195-5p is DOWN 	 50.00 	 4 	 ARHGAP12,FZD6,RPRD2 	 27.27 	 ['11', 'hsa-miR-195-5p', 'hsa-miR-16-5p', 'hsa-miR-130a-3p', 'hsa-miR-130b-3p', 'PPIG', 'ZMAT3', 'GPRC5A', 'SIK1', 'RPRD2', 'UBN2', 'CEP55', 'FZD6', 'PRKAA1', 'ARHGAP12', 'DICER1']
Only in Control:  	 4.772 	 hsa-miR-155-5p is UP, hsa-miR-15b-5p is not DE, hsa-miR-16-5p is not DE, hsa-miR-195-5p is DOWN, hsa-miR-424-5p is not DE 	 40.00 	 5 	 CCND1 	 0 	 ['3', 'hsa-miR-195-5p', 'hsa-miR-16-5p', 'hsa-miR-15b-5p', 'hsa-miR-155-5p', 'hsa-miR-424-5p', 'JARID2', 'WEE1', 'CCND1']
Only in Control:  	 4.644 	 hsa-miR-1-3p is UP, hsa-miR-15b-5p is not DE, hsa-miR-16-5p is not DE, hsa-miR-195-5p is DOWN, hsa-miR-424-5p is not DE 	 40.00 	 5 	 CCND1 	 0 	 ['5', 'hsa-miR-195-5p', 'hsa-miR-16-5p', 'hsa-miR-15b-5p', 'hsa-miR-1-3p', 'hsa-miR-424-5p', 'ZCCHC3', 'NUP50', 'VEGFA', 'TPM3', 'CCND1']
Only in Control:  	 5.828 	 hsa-miR-15b-5p is not DE, hsa-miR-16-5p is not DE, hsa-miR-195-5p is DOWN, hsa-miR-424-5p is not DE, hsa-miR-6739-5p is UP 	 40.00 	 5 	 CCND1,GRB2 	 66.67 	 ['3', 'hsa-miR-195-5p', 'hsa-miR-16-5p', 'hsa-miR-15b-5p', 'hsa-miR-424-5p', 'hsa-miR-6739-5p', 'FURIN', 'GRB2', 'CCND1']
Only in Control:  	 5.708 	 hsa-miR-130a-3p is UP, hsa-miR-130b-3p is not DE, hsa-miR-15b-5p is not DE, hsa-miR-16-5p is not DE, hsa-miR-195-5p is DOWN 	 40.00 	 5 	 ARHGAP12,FZD6,RPRD2 	 30.00 	 ['10', 'hsa-miR-195-5p', 'hsa-miR-16-5p', 'hsa-miR-15b-5p', 'hsa-miR-130a-3p', 'hsa-miR-130b-3p', 'PPIG', 'ZMAT3', 'GPRC5A', 'SIK1', 'RPRD2', 'UBN2', 'CEP55', 'FZD6', 'PRKAA1', 'ARHGAP12']
Only in Control:  	 7.629 	 hsa-miR-155-5p is UP, hsa-miR-17-5p is not DE, hsa-miR-20a-5p is not DE, hsa-miR-20b-5p is not DE, hsa-miR-519d-3p is DOWN, hsa-miR-93-5p is not DE 	 33.33 	 6 	 CCND1,CSNK1A1,MASTL,MECP2,MIDN,RORA,ZBTB18 	 58.33 	 ['12', 'hsa-miR-20a-5p', 'hsa-miR-93-5p', 'hsa-miR-17-5p', 'hsa-miR-155-5p', 'hsa-miR-20b-5p', 'hsa-miR-519d-3p', 'RORA', 'ZBTB18', 'MASTL', 'HBP1', 'MIDN', 'CSNK1A1', 'NARS', 'SLC30A1', 'PTEN', 'MECP2', 'WEE1', 'CCND1']
Only in Control:  	 6.264 	 hsa-miR-1-3p is UP, hsa-miR-17-5p is not DE, hsa-miR-20a-5p is not DE, hsa-miR-20b-5p is not DE, hsa-miR-519d-3p is DOWN, hsa-miR-93-5p is not DE 	 33.33 	 6 	 ADAR,CCND1,CRK,YWHAZ 	 44.44 	 ['9', 'hsa-miR-20a-5p', 'hsa-miR-93-5p', 'hsa-miR-17-5p', 'hsa-miR-1-3p', 'hsa-miR-20b-5p', 'hsa-miR-519d-3p', 'NFAT5', 'YWHAZ', 'CRK', 'ADAR', 'NETO2', 'LASP1', 'ZNF264', 'BRI3BP', 'CCND1']
Only in Control:  	 4.308 	 hsa-miR-10b-5p is DOWN, hsa-miR-17-5p is not DE, hsa-miR-20a-5p is not DE, hsa-miR-20b-5p is not DE, hsa-miR-519d-3p is DOWN, hsa-miR-93-5p is not DE 	 33.33 	 6 	 RORA 	 0 	 ['6', 'hsa-miR-20a-5p', 'hsa-miR-93-5p', 'hsa-miR-17-5p', 'hsa-miR-20b-5p', 'hsa-miR-519d-3p', 'hsa-miR-10b-5p', 'RORA', 'NR2C2', 'ANKRD33B', 'RBM12B', 'PTEN', 'BCL2L11']
Only in Control:  	 4.447 	 hsa-miR-17-3p is DOWN, hsa-miR-17-5p is not DE, hsa-miR-20a-5p is not DE, hsa-miR-20b-5p is not DE, hsa-miR-519d-3p is DOWN, hsa-miR-93-5p is not DE 	 33.33 	 6 	 FEM1A 	 0 	 ['4', 'hsa-miR-20a-5p', 'hsa-miR-93-5p', 'hsa-miR-17-5p', 'hsa-miR-20b-5p', 'hsa-miR-519d-3p', 'hsa-miR-17-3p', 'FEM1A', 'HBP1', 'SOD2', 'TXNIP']
Only in Control:  	 4.705 	 hsa-miR-142-3p is UP, hsa-miR-17-5p is not DE, hsa-miR-20a-5p is not DE, hsa-miR-20b-5p is not DE, hsa-miR-519d-3p is DOWN, hsa-miR-93-5p is not DE 	 33.33 	 6 	 C16orf70,MFSD8 	 18.18 	 ['11', 'hsa-miR-20a-5p', 'hsa-miR-93-5p', 'hsa-miR-17-5p', 'hsa-miR-20b-5p', 'hsa-miR-519d-3p', 'hsa-miR-142-3p', 'MFSD8', 'WASL', 'HMGB1', 'YOD1', 'SUCO', 'SLC35F5', 'CLIC4', 'MORF4L1', 'KIAA1191', 'C16orf70', 'PPP1R15B']
Only in Control:  	 4.197 	 hsa-miR-17-5p is not DE, hsa-miR-18a-3p is DOWN, hsa-miR-20a-5p is not DE, hsa-miR-20b-5p is not DE, hsa-miR-519d-3p is DOWN, hsa-miR-93-5p is not DE 	 33.33 	 6 	 CCDC71L 	 0 	 ['8', 'hsa-miR-20a-5p', 'hsa-miR-93-5p', 'hsa-miR-17-5p', 'hsa-miR-20b-5p', 'hsa-miR-519d-3p', 'hsa-miR-18a-3p', 'GTF2H2C', 'WDR53', 'RANGAP1', 'CCDC71L', 'ANKRD33B', 'HMGB1', 'PTPN4', 'CDKN1A']
Only in Control:  	 6.233 	 hsa-miR-17-5p is not DE, hsa-miR-20a-5p is not DE, hsa-miR-20b-5p is not DE, hsa-miR-4428 is UP, hsa-miR-519d-3p is DOWN, hsa-miR-93-5p is not DE 	 33.33 	 6 	 LDLR,MECP2,MIDN 	 60.00 	 ['5', 'hsa-miR-20a-5p', 'hsa-miR-93-5p', 'hsa-miR-17-5p', 'hsa-miR-20b-5p', 'hsa-miR-519d-3p', 'hsa-miR-4428', 'WAC', 'MIDN', 'MAPRE3', 'LDLR', 'MECP2']
Only in Control:  	 5.170 	 hsa-miR-17-5p is not DE, hsa-miR-20a-5p is not DE, hsa-miR-20b-5p is not DE, hsa-miR-519d-3p is DOWN, hsa-miR-6739-5p is UP, hsa-miR-93-5p is not DE 	 33.33 	 6 	 ACVR1B,CCND1 	 33.33 	 ['6', 'hsa-miR-20a-5p', 'hsa-miR-93-5p', 'hsa-miR-17-5p', 'hsa-miR-20b-5p', 'hsa-miR-519d-3p', 'hsa-miR-6739-5p', 'MINK1', 'ACVR1B', 'WAC', 'ZBTB33', 'LASP1', 'CCND1']
Only in Control:  	 4.503 	 hsa-miR-1-3p is UP, hsa-miR-15b-5p is not DE, hsa-miR-16-5p is not DE, hsa-miR-195-5p is DOWN, hsa-miR-424-5p is not DE, hsa-miR-503-5p is not DE 	 33.33 	 6 	 CCND1 	 0 	 ['3', 'hsa-miR-195-5p', 'hsa-miR-16-5p', 'hsa-miR-15b-5p', 'hsa-miR-1-3p', 'hsa-miR-503-5p', 'hsa-miR-424-5p', 'NUP50', 'VEGFA', 'CCND1']
Only in Control:  	 4.503 	 hsa-miR-15b-5p is not DE, hsa-miR-16-5p is not DE, hsa-miR-195-5p is DOWN, hsa-miR-376a-2-5p is DOWN, hsa-miR-424-5p is not DE, hsa-miR-497-5p is not DE 	 33.33 	 6 	 EIF1AX 	 0 	 ['3', 'hsa-miR-195-5p', 'hsa-miR-16-5p', 'hsa-miR-15b-5p', 'hsa-miR-424-5p', 'hsa-miR-497-5p', 'hsa-miR-376a-2-5p', 'EIF1AX', 'ZCCHC3', 'E2F7']
Only in Control:  	 5.853 	 hsa-miR-130a-3p is UP, hsa-miR-130b-3p is not DE, hsa-miR-16-5p is not DE, hsa-miR-195-5p is DOWN, hsa-miR-519b-3p is not DE, hsa-miR-519c-3p is not DE 	 33.33 	 6 	 ARHGAP12,FZD6,RPRD2 	 42.86 	 ['7', 'hsa-miR-195-5p', 'hsa-miR-16-5p', 'hsa-miR-130a-3p', 'hsa-miR-519c-3p', 'hsa-miR-130b-3p', 'hsa-miR-519b-3p', 'PPIG', 'RPRD2', 'UBN2', 'FZD6', 'PRKAA1', 'ARHGAP12', 'DICER1']
Only in Control:  	 4.265 	 hsa-miR-155-5p is UP, hsa-miR-17-5p is not DE, hsa-miR-20a-5p is not DE, hsa-miR-20b-5p is not DE, hsa-miR-221-3p is not DE, hsa-miR-519d-3p is DOWN, hsa-miR-93-5p is not DE 	 28.57 	 7 	 MIDN 	 0 	 ['3', 'hsa-miR-20a-5p', 'hsa-miR-93-5p', 'hsa-miR-221-3p', 'hsa-miR-17-5p', 'hsa-miR-155-5p', 'hsa-miR-20b-5p', 'hsa-miR-519d-3p', 'MIDN', 'PTEN', 'WEE1']
Only in Control:  	 6.655 	 hsa-miR-155-5p is UP, hsa-miR-17-5p is not DE, hsa-miR-20a-5p is not DE, hsa-miR-20b-5p is not DE, hsa-miR-519d-3p is DOWN, hsa-miR-526b-3p is not DE, hsa-miR-93-5p is not DE 	 28.57 	 7 	 CCND1,CSNK1A1,MIDN,RORA 	 66.67 	 ['6', 'hsa-miR-20a-5p', 'hsa-miR-93-5p', 'hsa-miR-17-5p', 'hsa-miR-155-5p', 'hsa-miR-20b-5p', 'hsa-miR-519d-3p', 'hsa-miR-526b-3p', 'RORA', 'MIDN', 'CSNK1A1', 'NARS', 'SLC30A1', 'CCND1']
Only in Control:  	 5.458 	 hsa-miR-1-3p is UP, hsa-miR-17-5p is not DE, hsa-miR-20a-5p is not DE, hsa-miR-20b-5p is not DE, hsa-miR-519d-3p is DOWN, hsa-miR-526b-3p is not DE, hsa-miR-93-5p is not DE 	 28.57 	 7 	 ADAR,CCND1,YWHAZ 	 37.50 	 ['8', 'hsa-miR-20a-5p', 'hsa-miR-93-5p', 'hsa-miR-17-5p', 'hsa-miR-1-3p', 'hsa-miR-20b-5p', 'hsa-miR-519d-3p', 'hsa-miR-526b-3p', 'NFAT5', 'YWHAZ', 'ADAR', 'NETO2', 'LASP1', 'ZNF264', 'BRI3BP', 'CCND1']
Only in Control:  	 4.265 	 hsa-miR-1-3p is UP, hsa-miR-17-5p is not DE, hsa-miR-20a-5p is not DE, hsa-miR-20b-5p is not DE, hsa-miR-362-3p is not DE, hsa-miR-519d-3p is DOWN, hsa-miR-93-5p is not DE 	 28.57 	 7 	 CRK 	 0 	 ['3', 'hsa-miR-20a-5p', 'hsa-miR-93-5p', 'hsa-miR-17-5p', 'hsa-miR-1-3p', 'hsa-miR-20b-5p', 'hsa-miR-519d-3p', 'hsa-miR-362-3p', 'NFAT5', 'CRK', 'BRI3BP']
Only in Control:  	 4.208 	 hsa-miR-10b-5p is DOWN, hsa-miR-17-5p is not DE, hsa-miR-20a-5p is not DE, hsa-miR-20b-5p is not DE, hsa-miR-519d-3p is DOWN, hsa-miR-526b-3p is not DE, hsa-miR-93-5p is not DE 	 28.57 	 7 	 RORA 	 0 	 ['4', 'hsa-miR-20a-5p', 'hsa-miR-93-5p', 'hsa-miR-17-5p', 'hsa-miR-20b-5p', 'hsa-miR-519d-3p', 'hsa-miR-10b-5p', 'hsa-miR-526b-3p', 'RORA', 'NR2C2', 'ANKRD33B', 'BCL2L11']
Only in Control:  	 4.208 	 hsa-miR-17-5p is not DE, hsa-miR-20a-5p is not DE, hsa-miR-20b-5p is not DE, hsa-miR-491-5p is UP, hsa-miR-519d-3p is DOWN, hsa-miR-526b-3p is not DE, hsa-miR-93-5p is not DE 	 28.57 	 7 	 YWHAZ 	 0 	 ['4', 'hsa-miR-20a-5p', 'hsa-miR-93-5p', 'hsa-miR-17-5p', 'hsa-miR-20b-5p', 'hsa-miR-519d-3p', 'hsa-miR-491-5p', 'hsa-miR-526b-3p', 'NACC2', 'YWHAZ', 'NFIB', 'SHOC2']
Only in Control:  	 4.537 	 hsa-miR-142-3p is UP, hsa-miR-17-5p is not DE, hsa-miR-20a-5p is not DE, hsa-miR-20b-5p is not DE, hsa-miR-519d-3p is DOWN, hsa-miR-526b-3p is not DE, hsa-miR-93-5p is not DE 	 28.57 	 7 	 C16orf70,MFSD8 	 20.00 	 ['10', 'hsa-miR-20a-5p', 'hsa-miR-93-5p', 'hsa-miR-17-5p', 'hsa-miR-20b-5p', 'hsa-miR-519d-3p', 'hsa-miR-142-3p', 'hsa-miR-526b-3p', 'MFSD8', 'WASL', 'HMGB1', 'SUCO', 'SLC35F5', 'CLIC4', 'MORF4L1', 'KIAA1191', 'C16orf70', 'PPP1R15B']
Only in Control:  	 4.011 	 hsa-miR-17-5p is not DE, hsa-miR-18a-3p is DOWN, hsa-miR-20a-5p is not DE, hsa-miR-20b-5p is not DE, hsa-miR-519d-3p is DOWN, hsa-miR-526b-3p is not DE, hsa-miR-93-5p is not DE 	 28.57 	 7 	 CCDC71L 	 0 	 ['7', 'hsa-miR-20a-5p', 'hsa-miR-93-5p', 'hsa-miR-17-5p', 'hsa-miR-20b-5p', 'hsa-miR-519d-3p', 'hsa-miR-18a-3p', 'hsa-miR-526b-3p', 'GTF2H2C', 'WDR53', 'RANGAP1', 'CCDC71L', 'ANKRD33B', 'HMGB1', 'PTPN4']
Only in Control:  	 5.208 	 hsa-miR-17-5p is not DE, hsa-miR-20a-5p is not DE, hsa-miR-20b-5p is not DE, hsa-miR-4428 is UP, hsa-miR-519d-3p is DOWN, hsa-miR-526b-3p is not DE, hsa-miR-93-5p is not DE 	 28.57 	 7 	 LDLR,MIDN 	 50.00 	 ['4', 'hsa-miR-20a-5p', 'hsa-miR-93-5p', 'hsa-miR-17-5p', 'hsa-miR-20b-5p', 'hsa-miR-519d-3p', 'hsa-miR-526b-3p', 'hsa-miR-4428', 'WAC', 'MIDN', 'MAPRE3', 'LDLR']
Only in Control:  	 5.066 	 hsa-miR-17-5p is not DE, hsa-miR-20a-5p is not DE, hsa-miR-20b-5p is not DE, hsa-miR-519d-3p is DOWN, hsa-miR-526b-3p is not DE, hsa-miR-6739-5p is UP, hsa-miR-93-5p is not DE 	 28.57 	 7 	 ACVR1B,CCND1 	 40.00 	 ['5', 'hsa-miR-20a-5p', 'hsa-miR-93-5p', 'hsa-miR-17-5p', 'hsa-miR-20b-5p', 'hsa-miR-519d-3p', 'hsa-miR-526b-3p', 'hsa-miR-6739-5p', 'ACVR1B', 'WAC', 'ZBTB33', 'LASP1', 'CCND1']
Only in Control:  	 4.265 	 hsa-miR-17-5p is not DE, hsa-miR-20a-5p is not DE, hsa-miR-20b-5p is not DE, hsa-miR-323a-3p is DOWN, hsa-miR-519d-3p is DOWN, hsa-miR-526b-3p is not DE, hsa-miR-93-5p is not DE 	 28.57 	 7 	 MYLIP 	 0 	 ['3', 'hsa-miR-20a-5p', 'hsa-miR-93-5p', 'hsa-miR-17-5p', 'hsa-miR-20b-5p', 'hsa-miR-519d-3p', 'hsa-miR-526b-3p', 'hsa-miR-323a-3p', 'TNFRSF10B', 'TXNIP', 'MYLIP']
Only in Control:  	 4.208 	 hsa-miR-15b-5p is not DE, hsa-miR-16-5p is not DE, hsa-miR-195-5p is DOWN, hsa-miR-376b-3p is UP, hsa-miR-424-5p is not DE, hsa-miR-497-5p is not DE, hsa-miR-503-5p is not DE 	 28.57 	 7 	 FGF2 	 0 	 ['4', 'hsa-miR-195-5p', 'hsa-miR-16-5p', 'hsa-miR-15b-5p', 'hsa-miR-503-5p', 'hsa-miR-424-5p', 'hsa-miR-497-5p', 'hsa-miR-376b-3p', 'GNAT1', 'HCFC2', 'TMEM245', 'FGF2']
Only in Control:  	 5.322 	 hsa-miR-130a-3p is UP, hsa-miR-130b-3p is not DE, hsa-miR-15b-5p is not DE, hsa-miR-16-5p is not DE, hsa-miR-195-5p is DOWN, hsa-miR-424-5p is not DE, hsa-miR-497-5p is not DE 	 28.57 	 7 	 ARHGAP12,FZD6,RPRD2 	 33.33 	 ['9', 'hsa-miR-195-5p', 'hsa-miR-16-5p', 'hsa-miR-15b-5p', 'hsa-miR-424-5p', 'hsa-miR-130a-3p', 'hsa-miR-130b-3p', 'hsa-miR-497-5p', 'PPIG', 'ZMAT3', 'GPRC5A', 'RPRD2', 'UBN2', 'CEP55', 'FZD6', 'PRKAA1', 'ARHGAP12']
Only in Control:  	 4.993 	 hsa-miR-15b-5p is not DE, hsa-miR-16-5p is not DE, hsa-miR-17-5p is not DE, hsa-miR-195-5p is DOWN, hsa-miR-20a-5p is not DE, hsa-miR-20b-5p is not DE, hsa-miR-519d-3p is DOWN, hsa-miR-93-5p is not DE 	 25.00 	 8 	 ARHGAP12,CCND1,FOXK1 	 30.00 	 ['10', 'hsa-miR-20a-5p', 'hsa-miR-93-5p', 'hsa-miR-195-5p', 'hsa-miR-17-5p', 'hsa-miR-16-5p', 'hsa-miR-15b-5p', 'hsa-miR-20b-5p', 'hsa-miR-519d-3p', 'ELK4', 'MINK1', 'FOXK1', 'ACTR2', 'NUFIP2', 'ARHGAP12', 'SHOC2', 'KIF23', 'WEE1', 'CCND1']
Only in Control:  	 6.000 	 hsa-miR-155-5p is UP, hsa-miR-17-5p is not DE, hsa-miR-20a-5p is not DE, hsa-miR-20b-5p is not DE, hsa-miR-519b-3p is not DE, hsa-miR-519c-3p is not DE, hsa-miR-519d-3p is DOWN, hsa-miR-93-5p is not DE 	 25.00 	 8 	 CSNK1A1,MIDN,ZBTB18 	 75.00 	 ['4', 'hsa-miR-20a-5p', 'hsa-miR-93-5p', 'hsa-miR-17-5p', 'hsa-miR-155-5p', 'hsa-miR-20b-5p', 'hsa-miR-519d-3p', 'hsa-miR-519c-3p', 'hsa-miR-519b-3p', 'ZBTB18', 'MIDN', 'CSNK1A1', 'SLC30A1']
Only in Control:  	 5.364 	 hsa-miR-130a-3p is UP, hsa-miR-130b-3p is not DE, hsa-miR-17-5p is not DE, hsa-miR-20a-5p is not DE, hsa-miR-20b-5p is not DE, hsa-miR-519d-3p is DOWN, hsa-miR-526b-3p is not DE, hsa-miR-93-5p is not DE 	 25.00 	 8 	 ARHGAP12,C16orf70,CNOT4,HSPA8,LDLR,MAVS,QKI,RPS27A,SMAD4,TGFBR2 	 21.28 	 ['47', 'hsa-miR-20a-5p', 'hsa-miR-93-5p', 'hsa-miR-17-5p', 'hsa-miR-20b-5p', 'hsa-miR-519d-3p', 'hsa-miR-130a-3p', 'hsa-miR-130b-3p', 'hsa-miR-526b-3p', 'RPF2', 'RRAGD', 'RBM20', 'KLHL36', 'LZIC', 'FOXQ1', 'PXK', 'CEP170', 'NIPA1', 'RAN', 'ZNF12', 'SALL3', 'MAVS', 'ZFYVE9', 'MAPK1', 'WASL', 'ZFYVE26', 'TNFRSF10B', 'RPS27A', 'HSPA8', 'POLR1B', 'CAPRIN2', 'BTF3L4', 'CLIC4', 'KIAA1191', 'PTPN4', 'ARHGAP1', 'CNOT4', 'ENPP5', 'C16orf70', 'ZBTB4', 'PPP1R15B', 'MAPRE3', 'PDRG1', 'MAP7', 'ARHGAP12', 'NACC2', 'ZNF417', 'RAB5B', 'LDLR', 'NFIB', 'QKI', 'TXNIP', 'SMAD4', 'SOX4', 'TGFBR2', 'NABP1']
Only in Control:  	 3.929 	 hsa-miR-17-5p is not DE, hsa-miR-18a-3p is DOWN, hsa-miR-20a-5p is not DE, hsa-miR-20b-5p is not DE, hsa-miR-324-3p is not DE, hsa-miR-519d-3p is DOWN, hsa-miR-526b-3p is not DE, hsa-miR-93-5p is not DE 	 25.00 	 8 	 CCDC71L 	 0 	 ['5', 'hsa-miR-20a-5p', 'hsa-miR-93-5p', 'hsa-miR-17-5p', 'hsa-miR-20b-5p', 'hsa-miR-519d-3p', 'hsa-miR-18a-3p', 'hsa-miR-324-3p', 'hsa-miR-526b-3p', 'GTF2H2C', 'WDR53', 'RANGAP1', 'CCDC71L', 'PTPN4']
Only in Control:  	 4.675 	 hsa-miR-130a-3p is UP, hsa-miR-130b-3p is not DE, hsa-miR-17-5p is not DE, hsa-miR-20a-5p is not DE, hsa-miR-20b-5p is not DE, hsa-miR-34a-5p is not DE, hsa-miR-519d-3p is DOWN, hsa-miR-526b-3p is not DE, hsa-miR-93-5p is not DE 	 22.22 	 9 	 CNOT4,SMAD4 	 40.00 	 ['5', 'hsa-miR-20a-5p', 'hsa-miR-93-5p', 'hsa-miR-34a-5p', 'hsa-miR-17-5p', 'hsa-miR-20b-5p', 'hsa-miR-519d-3p', 'hsa-miR-130a-3p', 'hsa-miR-130b-3p', 'hsa-miR-526b-3p', 'RRAGD', 'ARHGAP1', 'CNOT4', 'TXNIP', 'SMAD4']
Only in Control:  	 5.818 	 hsa-miR-130a-3p is UP, hsa-miR-130b-3p is not DE, hsa-miR-17-5p is not DE, hsa-miR-20a-5p is not DE, hsa-miR-20b-5p is not DE, hsa-miR-26a-5p is not DE, hsa-miR-519d-3p is DOWN, hsa-miR-526b-3p is not DE, hsa-miR-93-5p is not DE 	 22.22 	 9 	 C16orf70,HSPA8,SMAD4 	 75.00 	 ['4', 'hsa-miR-20a-5p', 'hsa-miR-93-5p', 'hsa-miR-26a-5p', 'hsa-miR-17-5p', 'hsa-miR-20b-5p', 'hsa-miR-519d-3p', 'hsa-miR-130a-3p', 'hsa-miR-130b-3p', 'hsa-miR-526b-3p', 'HSPA8', 'C16orf70', 'SMAD4', 'NABP1']
Only in Control:  	 3.874 	 hsa-miR-130a-3p is UP, hsa-miR-130b-3p is not DE, hsa-miR-17-5p is not DE, hsa-miR-204-5p is not DE, hsa-miR-20a-5p is not DE, hsa-miR-20b-5p is not DE, hsa-miR-519d-3p is DOWN, hsa-miR-526b-3p is not DE, hsa-miR-93-5p is not DE 	 22.22 	 9 	 TGFBR2 	 0 	 ['3', 'hsa-miR-20a-5p', 'hsa-miR-93-5p', 'hsa-miR-204-5p', 'hsa-miR-17-5p', 'hsa-miR-20b-5p', 'hsa-miR-519d-3p', 'hsa-miR-130a-3p', 'hsa-miR-130b-3p', 'hsa-miR-526b-3p', 'TXNIP', 'SOX4', 'TGFBR2']
Only in Control:  	 4.422 	 hsa-miR-15b-5p is not DE, hsa-miR-16-5p is not DE, hsa-miR-17-5p is not DE, hsa-miR-195-5p is DOWN, hsa-miR-20a-5p is not DE, hsa-miR-20b-5p is not DE, hsa-miR-424-5p is not DE, hsa-miR-519d-3p is DOWN, hsa-miR-93-5p is not DE 	 22.22 	 9 	 ARHGAP12,CCND1 	 28.57 	 ['7', 'hsa-miR-20a-5p', 'hsa-miR-93-5p', 'hsa-miR-195-5p', 'hsa-miR-17-5p', 'hsa-miR-16-5p', 'hsa-miR-15b-5p', 'hsa-miR-20b-5p', 'hsa-miR-519d-3p', 'hsa-miR-424-5p', 'ELK4', 'NUFIP2', 'ARHGAP12', 'SHOC2', 'KIF23', 'WEE1', 'CCND1']
Only in Control:  	 5.068 	 hsa-miR-15b-5p is not DE, hsa-miR-16-5p is not DE, hsa-miR-17-5p is not DE, hsa-miR-195-5p is DOWN, hsa-miR-20a-5p is not DE, hsa-miR-20b-5p is not DE, hsa-miR-519d-3p is DOWN, hsa-miR-526b-3p is not DE, hsa-miR-93-5p is not DE 	 22.22 	 9 	 ARHGAP12,CCND1,FOXK1 	 37.50 	 ['8', 'hsa-miR-20a-5p', 'hsa-miR-93-5p', 'hsa-miR-195-5p', 'hsa-miR-17-5p', 'hsa-miR-16-5p', 'hsa-miR-15b-5p', 'hsa-miR-20b-5p', 'hsa-miR-519d-3p', 'hsa-miR-526b-3p', 'ELK4', 'FOXK1', 'ACTR2', 'NUFIP2', 'ARHGAP12', 'SHOC2', 'KIF23', 'CCND1']
Only in Control:  	 4.931 	 hsa-miR-155-5p is UP, hsa-miR-17-5p is not DE, hsa-miR-20a-5p is not DE, hsa-miR-20b-5p is not DE, hsa-miR-519b-3p is not DE, hsa-miR-519c-3p is not DE, hsa-miR-519d-3p is DOWN, hsa-miR-526b-3p is not DE, hsa-miR-93-5p is not DE 	 22.22 	 9 	 CSNK1A1,MIDN 	 66.67 	 ['3', 'hsa-miR-20a-5p', 'hsa-miR-93-5p', 'hsa-miR-17-5p', 'hsa-miR-155-5p', 'hsa-miR-20b-5p', 'hsa-miR-519d-3p', 'hsa-miR-519c-3p', 'hsa-miR-526b-3p', 'hsa-miR-519b-3p', 'MIDN', 'CSNK1A1', 'SLC30A1']
Only in Control:  	 3.746 	 hsa-miR-1-3p is UP, hsa-miR-17-5p is not DE, hsa-miR-20a-5p is not DE, hsa-miR-20b-5p is not DE, hsa-miR-519b-3p is not DE, hsa-miR-519c-3p is not DE, hsa-miR-519d-3p is DOWN, hsa-miR-526b-3p is not DE, hsa-miR-93-5p is not DE 	 22.22 	 9 	 ADAR 	 0 	 ['5', 'hsa-miR-20a-5p', 'hsa-miR-93-5p', 'hsa-miR-17-5p', 'hsa-miR-1-3p', 'hsa-miR-20b-5p', 'hsa-miR-519d-3p', 'hsa-miR-519c-3p', 'hsa-miR-526b-3p', 'hsa-miR-519b-3p', 'NFAT5', 'ADAR', 'NETO2', 'LASP1', 'BRI3BP']
Only in Control:  	 4.931 	 hsa-miR-130a-3p is UP, hsa-miR-130b-3p is not DE, hsa-miR-17-5p is not DE, hsa-miR-20a-5p is not DE, hsa-miR-20b-5p is not DE, hsa-miR-224-5p is not DE, hsa-miR-519d-3p is DOWN, hsa-miR-526b-3p is not DE, hsa-miR-93-5p is not DE 	 22.22 	 9 	 QKI,SMAD4 	 66.67 	 ['3', 'hsa-miR-20a-5p', 'hsa-miR-93-5p', 'hsa-miR-17-5p', 'hsa-miR-20b-5p', 'hsa-miR-519d-3p', 'hsa-miR-224-5p', 'hsa-miR-130a-3p', 'hsa-miR-130b-3p', 'hsa-miR-526b-3p', 'QKI', 'TXNIP', 'SMAD4']
Only in Control:  	 5.155 	 hsa-miR-130a-3p is UP, hsa-miR-130b-3p is not DE, hsa-miR-142-3p is UP, hsa-miR-17-5p is not DE, hsa-miR-20a-5p is not DE, hsa-miR-20b-5p is not DE, hsa-miR-519d-3p is DOWN, hsa-miR-526b-3p is not DE, hsa-miR-93-5p is not DE 	 33.33 	 9 	 C16orf70 	 0 	 ['5', 'hsa-miR-20a-5p', 'hsa-miR-93-5p', 'hsa-miR-17-5p', 'hsa-miR-20b-5p', 'hsa-miR-519d-3p', 'hsa-miR-130a-3p', 'hsa-miR-130b-3p', 'hsa-miR-142-3p', 'hsa-miR-526b-3p', 'WASL', 'CLIC4', 'KIAA1191', 'C16orf70', 'PPP1R15B']
Only in Control:  	 4.318 	 hsa-miR-130a-3p is UP, hsa-miR-130b-3p is not DE, hsa-miR-142-5p is not DE, hsa-miR-17-5p is not DE, hsa-miR-20a-5p is not DE, hsa-miR-20b-5p is not DE, hsa-miR-519d-3p is DOWN, hsa-miR-526b-3p is not DE, hsa-miR-93-5p is not DE 	 22.22 	 9 	 HSPA8,TGFBR2 	 25.00 	 ['8', 'hsa-miR-20a-5p', 'hsa-miR-93-5p', 'hsa-miR-17-5p', 'hsa-miR-20b-5p', 'hsa-miR-519d-3p', 'hsa-miR-130a-3p', 'hsa-miR-130b-3p', 'hsa-miR-142-5p', 'hsa-miR-526b-3p', 'RPF2', 'LZIC', 'MAPK1', 'ZFYVE26', 'HSPA8', 'CAPRIN2', 'PTPN4', 'TGFBR2']
Only in Control:  	 3.874 	 hsa-miR-17-5p is not DE, hsa-miR-18a-3p is DOWN, hsa-miR-20a-5p is not DE, hsa-miR-20b-5p is not DE, hsa-miR-519b-3p is not DE, hsa-miR-519c-3p is not DE, hsa-miR-519d-3p is DOWN, hsa-miR-526b-3p is not DE, hsa-miR-93-5p is not DE 	 22.22 	 9 	 CCDC71L 	 0 	 ['3', 'hsa-miR-20a-5p', 'hsa-miR-93-5p', 'hsa-miR-17-5p', 'hsa-miR-20b-5p', 'hsa-miR-519d-3p', 'hsa-miR-519c-3p', 'hsa-miR-18a-3p', 'hsa-miR-526b-3p', 'hsa-miR-519b-3p', 'CCDC71L', 'ANKRD33B', 'PTPN4']
Only in Control:  	 4.931 	 hsa-miR-17-5p is not DE, hsa-miR-20a-5p is not DE, hsa-miR-20b-5p is not DE, hsa-miR-4428 is UP, hsa-miR-519b-3p is not DE, hsa-miR-519c-3p is not DE, hsa-miR-519d-3p is DOWN, hsa-miR-526b-3p is not DE, hsa-miR-93-5p is not DE 	 22.22 	 9 	 LDLR,MIDN 	 66.67 	 ['3', 'hsa-miR-20a-5p', 'hsa-miR-93-5p', 'hsa-miR-17-5p', 'hsa-miR-20b-5p', 'hsa-miR-519d-3p', 'hsa-miR-519c-3p', 'hsa-miR-526b-3p', 'hsa-miR-519b-3p', 'hsa-miR-4428', 'MIDN', 'MAPRE3', 'LDLR']
Only in Control:  	 5.403 	 hsa-miR-130a-3p is UP, hsa-miR-130b-3p is not DE, hsa-miR-15b-5p is not DE, hsa-miR-16-5p is not DE, hsa-miR-195-5p is DOWN, hsa-miR-424-5p is not DE, hsa-miR-497-5p is not DE, hsa-miR-519b-3p is not DE, hsa-miR-519c-3p is not DE 	 22.22 	 9 	 ARHGAP12,FZD6,RPRD2 	 50.00 	 ['6', 'hsa-miR-195-5p', 'hsa-miR-16-5p', 'hsa-miR-15b-5p', 'hsa-miR-424-5p', 'hsa-miR-130a-3p', 'hsa-miR-519c-3p', 'hsa-miR-130b-3p', 'hsa-miR-497-5p', 'hsa-miR-519b-3p', 'PPIG', 'RPRD2', 'UBN2', 'FZD6', 'PRKAA1', 'ARHGAP12']
Only in Control:  	 3.334 	 hsa-miR-130a-3p is UP, hsa-miR-130b-3p is not DE, hsa-miR-17-5p is not DE, hsa-miR-20a-5p is not DE, hsa-miR-20b-5p is not DE, hsa-miR-34a-5p is not DE, hsa-miR-34c-5p is not DE, hsa-miR-449a is not DE, hsa-miR-519b-3p is not DE, hsa-miR-519c-3p is not DE, hsa-miR-519d-3p is DOWN, hsa-miR-526b-3p is not DE, hsa-miR-93-5p is not DE 	 15.38 	 13 	 CNOT4 	 0 	 ['3', 'hsa-miR-20a-5p', 'hsa-miR-93-5p', 'hsa-miR-34a-5p', 'hsa-miR-17-5p', 'hsa-miR-20b-5p', 'hsa-miR-519d-3p', 'hsa-miR-34c-5p', 'hsa-miR-130a-3p', 'hsa-miR-519c-3p', 'hsa-miR-449a', 'hsa-miR-130b-3p', 'hsa-miR-526b-3p', 'hsa-miR-519b-3p', 'RRAGD', 'ARHGAP1', 'CNOT4']
Only in Control:  	 3.277 	 hsa-miR-15b-5p is not DE, hsa-miR-16-5p is not DE, hsa-miR-17-5p is not DE, hsa-miR-195-5p is DOWN, hsa-miR-20a-5p is not DE, hsa-miR-20b-5p is not DE, hsa-miR-424-5p is not DE, hsa-miR-497-5p is not DE, hsa-miR-519b-3p is not DE, hsa-miR-519c-3p is not DE, hsa-miR-519d-3p is DOWN, hsa-miR-526b-3p is not DE, hsa-miR-93-5p is not DE 	 15.38 	 13 	 ARHGAP12 	 0 	 ['4', 'hsa-miR-20a-5p', 'hsa-miR-93-5p', 'hsa-miR-195-5p', 'hsa-miR-17-5p', 'hsa-miR-16-5p', 'hsa-miR-15b-5p', 'hsa-miR-20b-5p', 'hsa-miR-519d-3p', 'hsa-miR-424-5p', 'hsa-miR-519c-3p', 'hsa-miR-497-5p', 'hsa-miR-526b-3p', 'hsa-miR-519b-3p', 'NUFIP2', 'ARHGAP12', 'SHOC2', 'KIF23']
Only in Control:  	 3.334 	 hsa-miR-130a-3p is UP, hsa-miR-130b-3p is not DE, hsa-miR-17-5p is not DE, hsa-miR-20a-5p is not DE, hsa-miR-20b-5p is not DE, hsa-miR-25-3p is not DE, hsa-miR-363-3p is not DE, hsa-miR-519b-3p is not DE, hsa-miR-519c-3p is not DE, hsa-miR-519d-3p is DOWN, hsa-miR-526b-3p is not DE, hsa-miR-92b-3p is not DE, hsa-miR-93-5p is not DE 	 15.38 	 13 	 CNOT4 	 0 	 ['3', 'hsa-miR-20a-5p', 'hsa-miR-93-5p', 'hsa-miR-17-5p', 'hsa-miR-20b-5p', 'hsa-miR-519d-3p', 'hsa-miR-130a-3p', 'hsa-miR-519c-3p', 'hsa-miR-130b-3p', 'hsa-miR-25-3p', 'hsa-miR-92b-3p', 'hsa-miR-363-3p', 'hsa-miR-526b-3p', 'hsa-miR-519b-3p', 'WASL', 'CNOT4', 'SOX4']
